Datatype;Kode;Aar;Uke;Dag;Dato;Alias;Time1;Time2;Time3;Time4;Time5;Time6;Time7;Time8;Time9;Time10;Time11;Time12;Time13;Time14;Time15;Time16;Time17;Time18;Time19;Time20;Time21;Time22;Time23;Time24;Sum
FB;F;2021;1;1;04.01.2021;NO2;4838;4872;4877;4932;5021;5130;5394;5758;5895;5947;5824;5654;5682;5943;5968;5925;5847;5867;5765;5680;5697;5651;5497;5238;132902
FB;F;2021;1;2;05.01.2021;NO2;5132;5103;5037;5001;5100;5139;5501;5777;5934;6063;6087;6130;6097;5940;5881;5970;6157;6107;6045;6008;5945;5791;5685;5468;137098
FB;F;2021;1;3;06.01.2021;NO2;5291;5237;5227;5231;5282;5394;5746;6184;6361;6419;6421;6346;6288;6228;6244;6235;6370;6332;6256;6167;6067;5943;5789;5548;142606
FB;F;2021;1;4;07.01.2021;NO2;5453;5317;5218;5199;5262;5295;5752;6185;6333;6330;6291;6302;6295;6234;6148;6195;6337;6261;6114;6051;5956;5849;5660;5473;141510
FB;F;2021;1;5;08.01.2021;NO2;5285;5192;5155;5134;5154;5299;5670;6060;6231;6281;6260;6227;6195;6088;6079;6060;6135;6125;6033;5935;5846;5758;5540;5425;139167
FB;F;2021;1;6;09.01.2021;NO2;5427;5363;5331;5325;5350;5369;5417;5514;5681;5769;5852;5860;5823;5770;5740;5738;5839;5851;5897;5774;5641;5413;5278;5153;134175
FB;F;2021;1;7;10.01.2021;NO2;5062;5073;5107;4967;4899;4987;4949;5087;5237;5414;5539;5651;5574;5491;5556;5658;5742;5804;5736;5546;5434;5429;5479;5444;128865
FB;F;2021;2;1;11.01.2021;NO2;5342;5193;5035;4983;5007;5005;5406;5732;5897;5782;5763;5916;6007;5921;5870;5936;6003;5956;5886;5769;5684;5599;5414;5297;134403
FB;F;2021;2;2;12.01.2021;NO2;5219;5204;5210;5196;5216;5469;5673;6186;6492;6371;6287;6146;6079;6053;6009;6064;6145;6047;5971;5892;5841;5749;5497;5297;139313
FB;F;2021;2;3;13.01.2021;NO2;5093;5036;5006;4961;4941;5142;5396;5791;6112;6079;6155;5942;5985;6041;6025;5996;6097;6064;5997;5915;5880;5745;5593;5461;136453
FB;F;2021;2;4;14.01.2021;NO2;5325;5287;5158;5162;5160;5256;5521;6063;6408;6445;6419;6291;6220;6126;6100;6155;6250;6260;6206;6166;6100;6005;5898;5719;141700
FB;F;2021;2;5;15.01.2021;NO2;5526;5479;5441;5511;5569;5731;6048;6458;6659;6674;6636;6552;6417;6288;6181;6168;6292;6360;6355;6245;6122;6020;5881;5760;146373
FB;F;2021;2;6;16.01.2021;NO2;5595;5578;5521;5535;5515;5510;5579;5656;5853;5995;6027;6094;6002;5971;5952;5988;6130;6249;6225;6109;5930;5801;5672;5543;140030
FB;F;2021;2;7;17.01.2021;NO2;5441;5353;5255;5307;5278;5302;5375;5463;5618;5756;5820;5849;5807;5826;5892;5894;5951;5975;5891;5784;5728;5599;5482;5397;135043
FB;F;2021;3;1;18.01.2021;NO2;5312;5260;5233;5164;5174;5210;5499;5824;6014;6117;6091;6165;6176;6055;5976;5962;6004;6021;5934;5855;5691;5624;5482;5328;137171
FB;F;2021;3;2;19.01.2021;NO2;5205;5113;5073;5131;5208;5245;5676;5976;6181;6291;6220;6178;6135;6040;6022;5949;6001;5997;5977;5902;5867;5742;5518;5200;137847
FB;F;2021;3;3;20.01.2021;NO2;5249;5188;5177;5189;5199;5203;5461;5869;6004;5996;6020;5939;5879;5935;6046;6116;6187;5994;5795;5633;5562;5389;5198;4986;135214
FB;F;2021;3;4;21.01.2021;NO2;4831;4725;4646;4655;4781;4852;5111;5450;5555;5525;5627;5521;5474;5452;5597;5695;5609;5605;5751;5732;5596;5396;5258;5118;127562
FB;F;2021;3;5;22.01.2021;NO2;4908;4765;4679;4637;4672;4889;5417;5601;5739;5768;5626;5548;5590;5559;5509;5425;5270;5000;5134;5116;5046;4873;4858;4595;124224
FB;F;2021;3;6;23.01.2021;NO2;4592;4439;4328;4438;4543;4582;4584;4910;5020;5103;5283;5170;5121;5058;4967;5091;5231;5372;5409;5375;5248;5085;5016;4923;118888
FB;F;2021;3;7;24.01.2021;NO2;4852;4808;4714;4717;4752;4789;4874;4974;5113;5262;5352;5365;5320;5281;5315;5432;5559;5634;5606;5575;5527;5400;5259;5136;124616
FB;F;2021;4;1;25.01.2021;NO2;5039;4982;4985;5033;5094;5189;5556;5976;6087;6070;6070;6017;5929;5817;5821;5875;5980;5999;5984;5965;5859;5743;5584;5359;136013
FB;F;2021;4;2;26.01.2021;NO2;5226;5187;5159;5152;5280;5374;5709;6114;6362;6357;6332;6178;6089;5962;5932;5862;6055;6126;6096;6006;5945;5856;5747;5598;139704
FB;F;2021;4;3;27.01.2021;NO2;5396;5371;5364;5346;5403;5504;5869;6239;6413;6455;6445;6297;6224;6133;6095;6030;6127;6220;6193;6116;6050;5945;5788;5587;142610
FB;F;2021;4;4;28.01.2021;NO2;5417;5363;5364;5401;5495;5594;5961;6421;6584;6564;6498;6407;6215;6137;6077;6109;6225;6372;6309;6213;6118;6157;6157;6363;145521
FB;F;2021;4;5;29.01.2021;NO2;5811;5679;5329;5160;5178;5311;5688;6141;6102;6215;6447;6477;6389;6346;6217;6197;6210;6271;6242;6142;6000;5822;5716;5665;142755
FB;F;2021;4;6;30.01.2021;NO2;5550;5464;5494;5446;5483;5575;5649;5791;5896;6021;6047;6006;5911;5810;5700;5667;5786;6049;6083;5982;5884;5757;5607;5512;138170
FB;F;2021;4;7;31.01.2021;NO2;5401;5308;5393;5409;5435;5498;5525;5602;5704;5857;5964;5955;5826;5689;5639;5637;5733;5887;5920;5919;5864;5744;5631;5486;136026
FB;F;2021;5;1;01.02.2021;NO2;5339;5095;5201;5206;5313;5507;5847;6271;6207;6390;6300;6242;6205;6165;6110;6087;6105;6167;6160;6133;6059;5991;5813;5634;141547
FB;F;2021;5;2;02.02.2021;NO2;5501;5429;5415;5437;5466;5637;5990;6377;6514;6467;6472;6306;6191;6151;6152;6171;6175;6189;6182;6216;6186;6084;5912;5712;144332
FB;F;2021;5;3;03.02.2021;NO2;5604;5551;5587;5632;5674;5798;6174;6672;6626;6617;6210;6263;6146;5878;6078;6136;6209;6333;6421;6366;6331;6178;5988;5804;146276
FB;F;2021;5;4;04.02.2021;NO2;5724;5682;5639;5648;5808;6039;6412;6788;6884;6844;6809;6636;6473;6311;6405;6310;6319;6405;6382;6348;6261;6185;6047;5895;150254
FB;F;2021;5;5;05.02.2021;NO2;5724;5697;5675;5733;5811;5939;6229;6640;6634;6754;6702;6574;6418;6317;6311;6272;6216;6176;6170;6247;6170;6057;5909;5844;148219
FB;F;2021;5;6;06.02.2021;NO2;5725;5614;5528;5555;5631;5662;5722;5806;5913;6148;6258;6167;5988;5946;5842;5834;5936;6116;6125;6112;6102;5911;5946;5870;141457
FB;F;2021;5;7;07.02.2021;NO2;5725;5661;5572;5402;5421;5565;5785;5880;5906;5955;5954;5962;5907;5737;5744;5811;5973;6224;6218;6089;6078;6058;6026;5994;140647
FB;F;2021;6;1;08.02.2021;NO2;5920;5688;5442;5460;5541;5766;6247;6614;6579;6534;6513;6617;6505;6392;6249;6249;6285;6366;6394;6284;6105;6055;5880;5699;147384
FB;F;2021;6;2;09.02.2021;NO2;5471;5416;5372;5398;5428;5561;5994;6429;6657;6725;6661;6553;6332;6231;6172;6224;6322;6403;6452;6337;6262;6096;5911;5774;146181
FB;F;2021;6;3;10.02.2021;NO2;5771;5735;5734;5697;5714;5940;6413;6858;6878;6840;6740;6548;6501;6365;6290;6240;6270;6389;6389;6389;6278;6234;6100;5926;150239
FB;F;2021;6;4;11.02.2021;NO2;5817;5680;5579;5576;5716;5993;6336;6643;6684;6662;6643;6500;6386;6283;6259;6222;6222;6345;6313;5991;6143;6207;5998;5846;148044
FB;F;2021;6;5;12.02.2021;NO2;5788;5679;5602;5560;5717;5936;6326;6675;6857;6886;6801;6678;6591;6398;6267;6124;6146;6258;6363;6353;6206;6080;5920;5807;149018
FB;F;2021;6;6;13.02.2021;NO2;5685;5647;5628;5643;5651;5713;5792;5986;6193;6299;6296;6182;6049;5819;5699;5712;5787;5999;6147;6162;6012;5833;5760;5623;141317
FB;F;2021;6;7;14.02.2021;NO2;5560;5485;5404;5456;5405;5337;5442;5629;5707;5872;5980;5913;5856;5764;5773;5717;5769;5942;6048;6044;5977;5871;5685;5544;137180
FB;F;2021;7;1;15.02.2021;NO2;5437;5384;5354;5363;5386;5487;5881;6238;6224;6298;6336;6277;6188;6152;6246;6227;6165;6154;6120;6080;6057;5904;5586;5312;141856
FB;F;2021;7;2;16.02.2021;NO2;5429;5373;5218;5174;5190;5228;5530;5916;6102;6148;5977;5964;5975;5957;5973;5927;5939;5941;5975;5946;5849;5774;5582;5393;137480
FB;F;2021;7;3;17.02.2021;NO2;5271;5151;5133;5095;5164;5246;5581;5987;6038;6073;6066;5919;5941;5909;5901;5886;5821;5855;5882;5859;5802;5618;5456;5296;135950
FB;F;2021;7;4;18.02.2021;NO2;5143;5074;5037;5007;5061;5204;5618;5920;5987;5969;6077;5953;5741;5717;5697;5642;5669;5692;5717;5655;5559;5426;5284;5084;132933
FB;F;2021;7;5;19.02.2021;NO2;5066;5245;5107;4824;4816;4871;5216;5648;5717;5664;5509;5447;5390;5439;5339;5093;5219;5405;5446;5470;5284;5096;4982;4738;126031
FB;F;2021;7;6;20.02.2021;NO2;4822;4725;4618;4531;4542;4571;4651;4725;4959;5045;5255;5331;5260;5218;5353;5238;5026;5205;5261;5193;4916;4822;4780;4707;118754
FB;F;2021;7;7;21.02.2021;NO2;4459;4336;4349;4327;4319;4331;4566;4683;4706;4907;4917;4930;4992;4993;4892;4912;5030;5022;5021;5047;5008;4948;4833;4690;114218
FB;F;2021;8;1;22.02.2021;NO2;4602;4597;4603;4587;4602;4612;4882;5078;5270;5241;5230;5248;5276;5238;5306;5341;5309;5261;5302;5237;5008;4896;4668;4707;120101
FB;F;2021;8;2;23.02.2021;NO2;4437;4341;4388;4490;4505;4624;4951;5259;5354;5292;5184;5091;5097;5003;4949;5120;5008;5190;5154;5032;4851;4849;4667;4488;117324
FB;F;2021;8;3;24.02.2021;NO2;4399;4531;4498;4493;4487;4587;4858;5250;5426;5397;5288;5212;5283;5222;5287;5362;5227;5181;5143;4928;4878;4868;4793;4724;119322
FB;F;2021;8;4;25.02.2021;NO2;4737;4643;4591;4533;4502;4557;4867;5124;5173;5160;5144;5039;4896;4870;5015;5171;5152;5010;5157;4929;4868;4828;4727;4598;117291
FB;F;2021;8;5;26.02.2021;NO2;4501;4420;4382;4318;4425;4524;4905;5162;5206;5161;5079;4723;4822;4897;4858;4633;4616;4656;4929;5040;4852;4694;4650;4672;114125
FB;F;2021;8;6;27.02.2021;NO2;4420;4474;4506;4479;4440;4477;4562;4671;4734;4726;4847;4943;4892;4727;4680;4636;4609;4675;4795;4856;4747;4665;4501;4435;111497
FB;F;2021;8;7;28.02.2021;NO2;4367;4309;4331;4283;4345;4450;4651;4620;4623;4672;4730;4497;4614;4533;4446;4401;4468;4566;4798;5009;4929;4800;4848;4753;110043
FB;F;2021;9;1;01.03.2021;NO2;4604;4558;4615;4577;4629;4693;5156;5384;5307;5328;5338;5217;5145;4998;4910;4927;4970;4978;5070;5284;4930;4824;4793;4590;118825
FB;F;2021;9;2;02.03.2021;NO2;4470;4340;4368;4395;4468;4513;4847;5243;5318;5300;5311;5130;4961;4900;4869;4824;4598;4898;5049;5091;4920;4862;4796;4662;116133
FB;F;2021;9;3;03.03.2021;NO2;4515;4486;4645;4633;4576;4749;5214;5493;5575;5558;5252;5304;5122;5030;4860;5108;5332;5256;5300;5226;5246;5256;4945;4671;121352
FB;F;2021;9;4;04.03.2021;NO2;4589;4638;4735;4708;4582;4683;5239;5745;5702;5511;5422;5234;5092;5033;5079;5092;5045;5136;5291;5298;5216;5175;5050;4924;122219
FB;F;2021;9;5;05.03.2021;NO2;4831;4873;4854;4757;4759;4873;5326;5575;5666;5578;5583;5394;5356;5235;5126;5026;5023;5084;5362;5400;5252;4980;4817;4720;123450
FB;F;2021;9;6;06.03.2021;NO2;4662;4568;4541;4622;4736;4797;4844;4811;4994;5216;5180;5103;5070;4981;4812;4834;4843;4934;5068;5026;4845;4770;4745;4548;116550
FB;F;2021;9;7;07.03.2021;NO2;4454;4422;4454;4438;4444;4558;4624;4637;4903;4971;4904;4836;4802;4814;4784;4681;4666;4774;4937;5030;5089;5048;5009;4908;114187
FB;F;2021;10;1;08.03.2021;NO2;4764;4688;4739;4741;4794;4932;5292;5660;5716;5614;5527;5394;5228;5120;5125;5125;5203;5195;5335;5389;5375;5302;5159;4964;124381
FB;F;2021;10;2;09.03.2021;NO2;4865;4824;4825;4827;4916;5086;5402;5681;5782;5639;5527;5364;5198;5149;5090;5063;5099;5127;5243;5286;5259;5150;4961;4785;124148
FB;F;2021;10;3;10.03.2021;NO2;4558;4613;4601;4686;4748;4880;5233;5618;5657;5727;5743;5618;5686;5692;5671;5693;5681;5640;5630;5531;5465;5455;5284;5128;128238
FB;F;2021;10;4;11.03.2021;NO2;5053;5005;4978;5017;5027;5167;5485;5872;5815;5619;5674;5777;5731;5496;5404;5211;5356;5390;5441;5323;5240;5102;4918;4673;127774
FB;F;2021;10;5;12.03.2021;NO2;4507;4548;4696;4715;4700;4831;5181;5445;5432;5417;5363;5180;5186;5084;4965;4872;4887;5003;5143;5177;5042;4887;4746;4687;119694
FB;F;2021;10;6;13.03.2021;NO2;4649;4620;4553;4520;4569;4515;4583;4736;4914;5005;5029;4936;4828;4805;4816;4789;4800;4850;5022;5075;4904;4804;4719;4578;114619
FB;F;2021;10;7;14.03.2021;NO2;4460;4404;4430;4447;4461;4507;4579;4631;4715;4832;4811;4654;4565;4583;4578;4680;4725;4733;4727;4690;4655;4736;4640;4419;110662
FB;F;2021;11;1;15.03.2021;NO2;4287;4334;4362;4443;4514;4607;4975;5507;5637;5061;5012;4888;4857;4870;4830;4725;4816;4602;4922;5053;5003;4873;4766;4583;115527
FB;F;2021;11;2;16.03.2021;NO2;4522;4425;4397;4461;4626;4876;5236;5505;5661;5576;5265;5111;5056;5040;4976;4916;4974;4975;5090;5134;4994;4953;4979;4764;119512
FB;F;2021;11;3;17.03.2021;NO2;4656;4597;4515;4619;4717;4803;5099;5430;5498;5368;5185;5048;5033;5015;4970;4888;4904;4965;5070;5111;5002;4955;4858;4739;119045
FB;F;2021;11;4;18.03.2021;NO2;4528;4489;4633;4687;4676;4790;5138;5424;5436;5362;5295;5180;5051;4964;4904;4939;4857;4897;5053;5120;5018;4955;4737;4594;118727
FB;F;2021;11;5;19.03.2021;NO2;4434;4404;4405;4339;4368;4635;4985;5530;5569;5319;5237;5092;4956;4886;4878;4965;4986;4939;4991;5026;4956;4903;4761;4574;117138
FB;F;2021;11;6;20.03.2021;NO2;4544;4511;4420;4384;4350;4468;4513;4570;4748;5062;5033;4831;4825;4734;4648;4601;4614;4791;4786;4795;4664;4619;4594;4575;111680
FB;F;2021;11;7;21.03.2021;NO2;4416;4323;4299;4370;4392;4456;4482;4454;4599;4726;4748;4752;4724;4680;4645;4663;4827;4886;4940;5122;4967;4725;4746;4599;111541
FB;F;2021;12;1;22.03.2021;NO2;4646;4579;4641;4547;4444;4656;5051;5391;5144;4841;4824;4749;4789;4733;4751;4813;4908;4863;4779;5034;4942;4773;4613;4362;114873
FB;F;2021;12;2;23.03.2021;NO2;4374;4455;4451;4447;4372;4463;4775;5034;5106;4957;4842;4702;4699;4574;4601;4596;4706;4712;4599;4781;4810;4771;4766;4437;112030
FB;F;2021;12;3;24.03.2021;NO2;4207;4132;4247;4289;4167;4294;4630;4997;4930;4929;4852;4728;4578;4614;4579;4490;4605;4713;4669;4678;4632;4545;4507;4351;109363
FB;F;2021;12;4;25.03.2021;NO2;4354;4325;4158;4066;4189;4382;4606;5027;5135;4981;4902;4827;4704;4609;4629;4617;4796;4808;4753;4775;4782;4682;4597;4462;111166
FB;F;2021;12;5;26.03.2021;NO2;4397;4239;4222;4261;4338;4462;4716;4965;5061;5057;5018;4949;4995;5014;5047;4998;5023;5021;4985;4959;4865;4943;4861;4603;114999
FB;F;2021;12;6;27.03.2021;NO2;4437;4343;4296;4294;4316;4350;4385;4499;4561;4696;4726;4644;4533;4502;4471;4425;4503;4613;4651;4798;4715;4621;4563;4449;108391
FB;F;2021;12;7;28.03.2021;NO2;4357;4295;;4297;4341;4412;4430;4437;4436;4460;4571;4707;4782;4918;4867;4756;4700;4745;4889;4781;4848;4991;4700;4374;106094
FB;F;2021;13;1;29.03.2021;NO2;4282;4230;4290;4364;4190;4127;4460;4821;4961;4938;4987;5029;4980;4837;4746;4745;4711;4737;4686;4595;4532;4466;4344;4192;110250
FB;F;2021;13;2;30.03.2021;NO2;4224;4201;3990;3954;4063;4103;4235;4462;4602;4651;4716;4667;4631;4561;4527;4499;4458;4478;4421;4504;4532;4474;4365;4209;105527
FB;F;2021;13;3;31.03.2021;NO2;4225;4113;4082;4078;4090;4132;4239;4446;4592;4701;4691;4686;4585;4559;4480;4468;4584;4659;4712;4725;4722;4734;4572;4441;107316
FB;F;2021;13;4;01.04.2021;NO2;4359;4276;4287;4288;4308;4418;4515;4625;4766;4863;4813;4751;4527;4379;4274;4298;4392;4419;4337;4386;4537;4465;4407;4360;107050
FB;F;2021;13;5;02.04.2021;NO2;4269;4300;4331;4358;4375;4289;4151;4150;4365;4553;4604;4384;4458;4435;4384;4344;4280;4316;4311;4359;4445;4504;4454;4398;104817
FB;F;2021;13;6;03.04.2021;NO2;4238;4147;4238;4262;4312;4412;4473;4489;4577;4692;4729;4558;4513;4363;4345;4215;4197;4210;4423;4367;4530;4477;4390;4325;105482
FB;F;2021;13;7;04.04.2021;NO2;4164;4028;3979;4121;4316;4360;4286;4176;4381;4626;4671;4422;4339;4430;4464;4454;4510;4549;4522;4537;4556;4527;4496;4480;105394
FB;F;2021;14;1;05.04.2021;NO2;4410;4462;4482;4511;4631;4563;4675;4853;4899;4875;4992;4948;4834;4773;4749;4728;4795;4776;4710;4731;4817;4824;4794;4736;113568
FB;F;2021;14;2;06.04.2021;NO2;4689;4635;4608;4616;4693;4720;4988;5368;5424;5261;5225;5167;5151;5170;5134;4985;4974;4909;4836;4980;5042;5150;4844;4592;119161
FB;F;2021;14;3;07.04.2021;NO2;4573;4535;4412;4515;4720;4802;5055;5343;5482;5285;5129;5082;5010;4986;4827;4867;4864;4713;4747;4835;4979;5034;4953;4754;117502
FB;F;2021;14;4;08.04.2021;NO2;4606;4626;4627;4590;4673;4813;5106;5411;5500;5451;5334;5249;5110;4997;4979;5259;5351;5082;4917;4891;4950;4735;4822;4677;119756
FB;F;2021;14;5;09.04.2021;NO2;4510;4379;4263;4373;4456;4564;4830;5140;5259;5189;5180;5176;5166;5088;4976;4907;4807;4689;4787;4853;5009;5080;4938;4729;116348
FB;F;2021;14;6;10.04.2021;NO2;4662;4547;4313;4373;4481;4538;4578;4751;4865;4802;4889;4806;4664;4588;4476;4444;4557;4541;4645;4698;4644;4653;4627;4528;110670
FB;F;2021;14;7;11.04.2021;NO2;4446;4394;4387;4437;4470;4515;4574;4581;4567;4659;4732;4653;4528;4504;4496;4502;4581;4654;4705;4726;4772;4783;4698;4544;109908
FB;F;2021;15;1;12.04.2021;NO2;4415;4391;4416;4364;4468;4627;4920;5515;5547;5270;5137;5022;4994;4893;4826;4812;4827;4830;5197;5714;6159;6248;5400;4576;120568
FB;F;2021;15;2;13.04.2021;NO2;4777;4557;4502;4500;4557;5267;6200;6252;5497;5508;5161;4915;4818;4773;4703;4734;4749;4625;4683;4685;4810;4943;4866;4627;118709
FB;F;2021;15;3;14.04.2021;NO2;4507;4529;4543;4492;4514;4680;4955;5283;5263;5145;4952;4786;4757;4717;4786;4796;4763;4482;4562;4698;4757;4819;4618;4492;113896
FB;F;2021;15;4;15.04.2021;NO2;4401;4356;4353;4394;4459;4551;4786;5099;5106;5049;4801;4696;4631;4626;4609;4596;4635;4653;4626;4603;4637;4692;4599;4475;111433
FB;F;2021;15;5;16.04.2021;NO2;4339;4348;4357;4348;4449;4610;4863;5141;5146;5076;4918;4746;4615;4519;4459;4435;4416;4421;4382;4598;4541;4537;4440;4339;110043
FB;F;2021;15;6;17.04.2021;NO2;4233;4103;4017;4047;4112;4157;4165;4192;4280;4419;4482;4357;4348;4244;4179;4121;4102;4128;4194;4217;4206;4231;4179;4101;100814
FB;F;2021;15;7;18.04.2021;NO2;3987;3911;3892;3926;3943;3971;4018;4072;4176;4241;4241;4156;4069;4033;4014;3909;3969;4005;4140;4552;4602;4546;4302;4190;98865
FB;F;2021;16;1;19.04.2021;NO2;4142;4036;4021;3943;3966;4226;4729;5262;5477;5397;5183;4830;4898;4907;4879;4838;4763;4754;4725;4744;4727;4774;4525;4378;112124
FB;F;2021;16;2;20.04.2021;NO2;4098;4073;4143;4271;4339;4484;4594;5031;5101;4914;4767;4767;4610;4450;4432;4530;4611;4590;4612;4660;4627;4534;4080;3877;108195
FB;F;2021;16;3;21.04.2021;NO2;3831;3900;3839;3817;4005;4121;4392;4738;4866;4887;4829;4638;4494;4426;4510;4508;4573;4638;4586;4591;4532;4619;4469;4352;106161
FB;F;2021;16;4;22.04.2021;NO2;4201;4073;4048;4001;4025;4197;4699;4887;4850;4650;4643;4571;4437;4368;4397;4307;4416;4650;4638;4807;4719;4772;4677;4508;107541
FB;F;2021;16;5;23.04.2021;NO2;4492;4358;4325;4287;4338;4502;4721;5015;5113;5119;5005;4879;4591;4328;4359;4424;4543;4584;4551;4700;4851;4859;4634;4596;111174
FB;F;2021;16;6;24.04.2021;NO2;4518;4449;4355;4422;4532;4456;4441;4598;4880;4846;4786;4659;4499;4331;4192;4199;4459;4587;4746;4724;4417;4811;4631;4539;109077
FB;F;2021;16;7;25.04.2021;NO2;4435;4384;4400;4432;4428;4342;4290;4393;4418;4407;4518;4220;4229;4099;4101;4128;4203;4327;4446;4716;5042;5240;4946;4779;106923
FB;F;2021;17;1;26.04.2021;NO2;4623;4554;4544;4583;4628;4767;5243;5736;5739;5836;5879;5662;5537;5310;5239;5204;5325;5518;5532;5571;5400;5334;5157;4820;125741
FB;F;2021;17;2;27.04.2021;NO2;4630;4662;4637;4656;4678;4901;5416;5826;5852;5732;5412;5079;4874;4872;4849;4950;5077;5308;5263;5374;5402;5441;5268;4760;122919
FB;F;2021;17;3;28.04.2021;NO2;4184;4145;4176;4162;4205;4306;4608;4851;4768;4688;4527;4368;4408;4384;4353;4475;4432;4400;4397;4388;4470;4468;4420;4310;105893
FB;F;2021;17;4;29.04.2021;NO2;4173;4019;3988;4022;4060;4239;4466;4768;4749;4592;4437;4472;4489;4568;4560;4522;4445;4453;4393;4504;4463;4533;4478;4289;105682
FB;F;2021;17;5;30.04.2021;NO2;4148;4020;4053;4144;4226;4299;4574;4859;4901;4825;4688;4618;4529;4452;4382;4356;4364;4300;4380;4377;4342;4374;4319;4225;105755
FB;F;2021;17;6;01.05.2021;NO2;4094;4043;4039;4038;4070;4142;4134;4127;4198;4292;4303;4244;4145;4069;4014;4012;4055;4123;4180;4182;4185;4270;4226;4139;99324
FB;F;2021;17;7;02.05.2021;NO2;4096;3999;3982;3917;3988;3962;4009;4080;4141;4187;4199;4252;4171;4192;4242;4176;4205;4276;4311;4347;4236;4258;4231;4123;99580
FB;F;2021;18;1;03.05.2021;NO2;4002;4010;4008;4009;4051;4135;4451;5076;4899;4831;4739;4666;4629;4632;4583;4549;4507;4484;4433;4432;4477;4464;4354;4143;106564
FB;F;2021;18;2;04.05.2021;NO2;3865;3777;3785;3798;3832;4065;4283;4507;4736;4657;4707;4735;4728;4678;4753;4724;4572;4566;4495;4527;4599;4563;4429;4233;105614
FB;F;2021;18;3;05.05.2021;NO2;4320;4294;4218;4156;4189;4361;4614;4948;4890;4740;4681;4537;4618;4544;4573;4592;4876;4364;4625;4601;4505;4550;4489;4258;108543
FB;F;2021;18;4;06.05.2021;NO2;4177;4151;4100;4078;4109;4168;4494;4902;5018;4840;4838;4804;4748;4697;4683;4683;4616;4622;4586;4542;4533;4590;4544;4372;108895
FB;F;2021;18;5;07.05.2021;NO2;4254;4233;4211;4223;4269;4365;4653;4879;4871;4819;4700;4611;4528;4462;4516;4336;4419;4447;4391;4440;4438;4440;4420;4155;107080
FB;F;2021;18;6;08.05.2021;NO2;4215;4196;4158;4104;4091;4071;4121;4226;4254;4281;4369;4285;4269;4188;4160;4087;4110;4105;4272;4195;4166;4183;4127;3917;100150
FB;F;2021;18;7;09.05.2021;NO2;3741;3690;3836;3862;3964;3967;4003;4094;4199;4388;4505;4493;4482;4510;4412;4311;4395;4492;4399;4367;4182;4185;4092;4036;100605
FB;F;2021;19;1;10.05.2021;NO2;3949;3760;3775;3730;3797;4025;4262;4881;5109;5189;5095;5116;4863;4703;4648;4650;4627;4684;4795;4724;4573;4597;4487;4276;108315
FB;F;2021;19;2;11.05.2021;NO2;3932;3825;3863;3943;3928;3904;4205;4347;4536;4574;4495;4546;4416;4179;4165;4354;4332;4292;4241;4148;4192;4235;4214;4044;100910
FB;F;2021;19;3;12.05.2021;NO2;3889;3829;3752;3730;3766;3820;4083;4416;4798;4837;4544;4343;4318;4383;4347;4341;4363;4294;4237;4195;4168;4201;4186;4036;100876
FB;F;2021;19;4;13.05.2021;NO2;3999;3838;3729;3734;3829;3870;3935;4044;4129;4212;4269;4196;4118;3990;3973;3994;4020;4030;4073;4107;4074;4047;4043;3955;96208
FB;F;2021;19;5;14.05.2021;NO2;3793;3731;3678;3620;3633;3650;3816;4058;4284;4279;4330;4287;4207;4181;4160;4101;4163;4036;4023;4023;4069;4054;3969;3878;96023
FB;F;2021;19;6;15.05.2021;NO2;3772;3701;3639;3594;3544;3521;3517;3628;3855;4080;4231;4030;4139;4029;4025;4094;4108;4165;4134;4144;4093;4077;3999;3877;93996
FB;F;2021;19;7;16.05.2021;NO2;3800;3708;3667;3639;3620;3588;3642;3723;3850;3976;4063;4079;4070;4016;4052;4064;4025;4108;4143;4125;4154;4160;4059;3967;94298
FB;F;2021;20;1;17.05.2021;NO2;3869;3741;3752;3695;3695;3702;3863;3937;4123;4288;4306;4227;4127;4016;3989;3923;3825;3908;3905;3897;3907;3951;4005;3966;94617
FB;F;2021;20;2;18.05.2021;NO2;3866;3776;3725;3747;3778;3850;4130;4449;4486;4545;4485;4406;4365;4372;4388;4299;4297;4222;4192;4196;4191;4117;4097;4013;99992
FB;F;2021;20;3;19.05.2021;NO2;3843;3745;3732;3739;3779;3837;4180;4487;4550;4485;4442;4364;4371;4349;4261;4182;4305;4258;4238;4193;4159;4101;4140;4001;99741
FB;F;2021;20;4;20.05.2021;NO2;3841;3717;3597;3739;3820;3810;4093;4354;4434;4392;4254;4319;4218;4142;4057;3941;4055;3986;4093;4127;4173;4144;4155;4064;97525
FB;F;2021;20;5;21.05.2021;NO2;3826;3667;3664;3682;3709;3735;3932;4304;4290;4278;4273;4210;4306;4345;4160;4171;4174;4078;4056;4115;4064;4082;4156;4019;97296
FB;F;2021;20;6;22.05.2021;NO2;3764;3784;3790;3762;3711;3724;3812;3938;3998;4088;4144;4160;4134;4134;4034;4019;4006;4034;4072;4045;3938;3877;3892;3845;94705
FB;F;2021;20;7;23.05.2021;NO2;3716;3657;3692;3655;3613;3553;3599;3693;3821;3921;4011;4045;4044;4019;4044;4055;4058;3902;3812;3924;4121;4003;4030;3886;92874
FB;F;2021;21;1;24.05.2021;NO2;3727;3612;3531;3574;3583;3614;3737;3763;3874;3908;3964;3965;3988;4100;4182;4185;4125;4082;4220;4278;4088;4003;3969;3742;93814
FB;F;2021;21;2;25.05.2021;NO2;3636;3719;3611;3615;3725;3828;4231;4557;4519;4423;4431;4484;4386;4186;3881;4070;4112;4232;4210;4172;4100;4005;3916;3883;97932
FB;F;2021;21;3;26.05.2021;NO2;3707;3638;3626;3697;3631;3608;3870;4061;4241;4413;4380;4071;4233;4248;4429;4387;4333;4174;3951;4135;4195;4132;4218;3947;97325
FB;F;2021;21;4;27.05.2021;NO2;3812;3749;3645;3619;3709;3801;4106;4278;4280;4247;4147;4033;3952;3879;4060;4045;4027;4037;4095;4051;4015;3989;4004;3809;95389
FB;F;2021;21;5;28.05.2021;NO2;3699;3614;3616;3631;3652;3800;3986;4218;4383;4271;4158;4083;4065;4040;3884;3842;3802;3776;3871;3898;3859;3789;3732;3730;93399
FB;F;2021;21;6;29.05.2021;NO2;3798;3688;3575;3598;3489;3408;3393;3515;3695;3794;3817;3729;3597;3572;3567;3532;3516;3541;3578;3647;3601;3632;3671;3658;86611
FB;F;2021;21;7;30.05.2021;NO2;3641;3591;3576;3534;3494;3444;3426;3422;3481;3576;3598;3660;3620;3597;3596;3576;3508;3585;3618;3677;3771;3787;3752;3811;86341
FB;F;2021;22;1;31.05.2021;NO2;3614;3450;3382;3378;3411;3465;3736;4047;4086;4045;4000;3963;3931;3877;3830;3800;3667;3638;3890;3898;3770;3771;3754;3702;90105
FB;F;2021;22;2;01.06.2021;NO2;3496;3371;3304;3300;3219;3311;3536;3722;3851;3787;3778;3738;3740;3732;3790;3804;3772;3756;3709;3734;3623;3629;3597;3502;86801
FB;F;2021;22;3;02.06.2021;NO2;3271;3146;3117;3164;3270;3204;3503;3721;3648;3772;3716;3686;3706;3731;3750;3810;3781;3740;3739;3772;3618;3485;3666;3537;85553
FB;F;2021;22;4;03.06.2021;NO2;3378;3273;3248;3233;3147;3086;3432;3718;3928;3845;3649;3727;3729;3806;3963;3717;3759;3932;3875;3769;3718;3732;3679;3598;86941
FB;F;2021;22;5;04.06.2021;NO2;3471;3374;3386;3328;3298;3512;3606;3867;4141;4072;4026;4059;4105;3966;3946;3845;3707;3820;4112;3645;3734;3652;3631;3655;89958
FB;F;2021;22;6;05.06.2021;NO2;3525;3420;3362;3342;3244;3197;3232;3391;3560;3684;3635;3629;3596;3563;3556;3532;3716;3832;3765;3637;3583;3550;3523;3494;84568
FB;F;2021;22;7;06.06.2021;NO2;3388;3284;3238;3240;3200;3169;3184;3257;3383;3462;3554;3565;3574;3513;3579;3572;3540;3519;3566;3614;3627;3658;3625;3556;82867
FB;F;2021;23;1;07.06.2021;NO2;3407;3307;3294;3304;3333;3397;3588;3842;3912;3987;3915;3857;3854;3901;3774;3882;3921;3804;3842;3741;3704;3657;3594;3532;88349
FB;F;2021;23;2;08.06.2021;NO2;3420;3349;3221;3216;3197;3285;3534;3838;3918;3901;3779;3861;3850;3818;3847;3829;3833;3787;3745;3754;3752;3727;3679;3572;87712
FB;F;2021;23;3;09.06.2021;NO2;3406;3320;3287;3280;3224;3289;3522;3714;3789;3762;3704;3678;3741;3799;3820;3826;3807;3714;3749;3767;3757;3703;3620;3539;86817
FB;F;2021;23;4;10.06.2021;NO2;3381;3277;3259;3246;3228;3202;3469;3815;3954;3890;3800;3807;3907;3873;3876;3859;3895;3836;3764;3773;3757;3681;3622;3547;87718
FB;F;2021;23;5;11.06.2021;NO2;3432;3350;3282;3243;3254;3245;3358;3652;3819;3743;3904;4000;3895;3895;3833;3864;3820;3888;3823;3720;3742;3597;3272;3216;86847
FB;F;2021;23;6;12.06.2021;NO2;3175;3179;3214;3184;3182;3215;3167;3276;3396;3501;3558;3578;3544;3524;3499;3509;3564;3677;3700;3671;3634;3563;3545;3435;82490
FB;F;2021;23;7;13.06.2021;NO2;3399;3323;3297;3246;3355;3426;3424;3471;3476;3606;3616;3595;3583;3606;3581;3553;3576;3640;3683;3727;3745;3729;3609;3550;84816
FB;F;2021;24;1;14.06.2021;NO2;3450;3195;3144;3255;3222;3119;3377;3769;3972;3819;4036;4155;4006;3936;4172;3905;3781;3875;3634;3581;3721;3724;3653;3604;88105
FB;F;2021;24;2;15.06.2021;NO2;3414;3264;3218;3192;3060;3221;3538;3690;3736;3792;3867;3850;3821;3866;3837;3945;3911;3799;3735;3808;3786;3746;3682;3658;87436
FB;F;2021;24;3;16.06.2021;NO2;3524;3420;3387;3377;3367;3280;3507;3831;3823;3818;3845;3835;3826;3792;3753;3796;3751;3818;3762;3809;3807;3765;3666;3555;88114
FB;F;2021;24;4;17.06.2021;NO2;3425;3303;3276;3309;3167;3179;3371;3726;3934;4018;3895;3776;3792;3841;3948;3928;3893;3904;3914;4018;3971;3862;3715;3587;88752
FB;F;2021;24;5;18.06.2021;NO2;3434;3271;3291;3287;3156;3066;3283;3658;3800;3868;3834;3790;3731;3716;3646;3538;3665;3732;3723;3690;3693;3609;3574;3589;85644
FB;F;2021;24;6;19.06.2021;NO2;3488;3395;3293;3171;3051;3092;3193;3359;3576;3634;3776;3865;3910;3717;3643;3641;3621;3626;3631;3642;3627;3600;3538;3513;84602
FB;F;2021;24;7;20.06.2021;NO2;3434;3321;3260;3234;3236;3272;3225;3272;3381;3433;3482;3593;3591;3540;3672;3760;3654;3766;3788;3735;3474;3403;3431;3450;83407
FB;F;2021;25;1;21.06.2021;NO2;3326;3219;3164;3214;3193;3305;3541;3759;3774;3751;3962;3871;3742;3768;3839;3855;3852;3839;3829;3862;3850;3843;3734;3603;87695
FB;F;2021;25;2;22.06.2021;NO2;3510;3430;3423;3392;3337;3408;3537;3763;3964;3960;3960;3927;3891;3936;3929;3886;3856;3859;3845;3777;3787;3800;3802;3674;89653
FB;F;2021;25;3;23.06.2021;NO2;3566;3490;3468;3503;3476;3475;3618;3773;3840;3844;3829;3921;3851;3839;3841;3775;3761;3738;3715;3696;3504;3573;3589;3615;88300
FB;F;2021;25;4;24.06.2021;NO2;3482;3370;3276;3246;3180;3291;3547;3837;3916;3955;4029;3939;3905;3923;3847;3749;3780;3743;3729;3722;3725;3707;3644;3519;88061
FB;F;2021;25;5;25.06.2021;NO2;3373;3338;3338;3309;3259;3280;3454;3741;3848;3838;3875;3829;3828;3811;3830;3789;3711;3622;3665;3702;3841;3784;3603;3552;87220
FB;F;2021;25;6;26.06.2021;NO2;3417;3337;3322;3271;3210;3244;3306;3339;3440;3592;3705;3680;3655;3664;3646;3613;3635;3657;3620;3590;3537;3496;3510;3567;84053
FB;F;2021;25;7;27.06.2021;NO2;3561;3470;3354;3223;3233;3251;3172;3212;3364;3412;3507;3672;3622;3648;3566;3434;3522;3573;3631;3668;3646;3606;3537;3509;83393
FB;F;2021;26;1;28.06.2021;NO2;3491;3435;3284;3192;3241;3295;3475;3715;3906;3967;4077;4105;4003;3884;3861;3896;3766;3933;3867;3832;3776;3627;3644;3562;88834
FB;F;2021;26;2;29.06.2021;NO2;3454;3314;3383;3377;3421;3380;3494;3749;3828;3767;3786;3802;3841;3924;3875;3796;3856;3857;3818;3731;3703;3733;3709;3616;88214
FB;F;2021;26;3;30.06.2021;NO2;3469;3302;3248;3177;3173;3330;3543;3700;3811;3868;3867;3825;3882;3952;3812;3621;3715;3766;3635;3713;3652;3624;3638;3591;86914
FB;F;2021;26;4;01.07.2021;NO2;3493;3395;3372;3338;3265;3266;3448;3697;3852;3910;3856;3845;3793;3801;3844;3821;3841;3876;3863;3849;3807;3731;3721;3614;88298
FB;F;2021;26;5;02.07.2021;NO2;3446;3289;3306;3337;3357;3363;3402;3604;3803;3874;4302;4550;4732;4676;4576;4465;3689;3732;3718;3678;3641;3544;3514;3539;91137
FB;F;2021;26;6;03.07.2021;NO2;3394;3278;3276;3275;3222;3238;3268;3343;3426;3595;3686;3707;3691;3654;3646;3639;3651;3675;3681;3663;3620;3535;3478;3457;84098
FB;F;2021;26;7;04.07.2021;NO2;3384;3314;3276;3224;3201;3201;3202;3236;3374;3472;3562;3599;3573;3571;3575;3547;3555;3558;3626;3602;3616;3555;3501;3486;82810
FB;F;2021;27;1;05.07.2021;NO2;3308;3212;3140;3162;3250;3161;3186;3446;3665;3736;3771;4033;3844;3801;3859;3827;3711;3793;3725;3735;3769;3687;3574;3448;85843
FB;F;2021;27;2;06.07.2021;NO2;3413;3268;3197;3201;3170;3177;3310;3508;3645;3700;3689;3624;3600;3541;3665;3630;3721;3691;3848;3891;3657;3612;3601;3470;84829
FB;F;2021;27;3;07.07.2021;NO2;3313;3283;3203;3101;3086;3149;3400;3578;3602;3702;3809;3740;3734;3653;3648;3626;3679;3715;3717;3577;3723;3848;3826;3650;85362
FB;F;2021;27;4;08.07.2021;NO2;3385;3336;3214;3146;3118;3184;3421;3609;3694;3753;3844;3736;3707;3761;3878;3831;3759;3586;3710;3781;3739;3708;3600;3525;86025
FB;F;2021;27;5;09.07.2021;NO2;3464;3343;3222;3239;3240;3204;3347;3579;3730;3785;3833;3798;3776;3894;3749;3703;3637;3689;3661;3664;3650;3558;3504;3521;85790
FB;F;2021;27;6;10.07.2021;NO2;3482;3423;3361;3285;3224;3203;3235;3350;3429;3574;3780;3809;3794;3713;3637;3631;3726;3813;3810;3737;3634;3570;3502;3465;85187
FB;F;2021;27;7;11.07.2021;NO2;3375;3329;3287;3251;3230;3222;3208;3238;3385;3538;3584;3596;3593;3515;3590;3564;3589;3556;3630;3662;3618;3602;3534;3524;83220
FB;F;2021;28;1;12.07.2021;NO2;3455;3375;3317;3317;3287;3272;3453;3577;3724;3769;3785;3555;3800;3806;3778;3755;3734;3785;3779;3691;3693;3642;3581;3566;86496
FB;F;2021;28;2;13.07.2021;NO2;3408;3326;3244;3239;3224;3233;3410;3580;3745;3789;3882;3927;3904;3818;3855;3811;3735;3770;3788;3738;3736;3679;3664;3576;87081
FB;F;2021;28;3;14.07.2021;NO2;3424;3308;3239;3208;3277;3279;3422;3560;3654;3770;3890;3884;3844;3772;3770;3761;3753;3700;3660;3639;3672;3547;3579;3534;86146
FB;F;2021;28;4;15.07.2021;NO2;3399;3295;3240;3123;3177;3194;3271;3366;3458;3522;3533;3586;3668;3716;3684;3619;3585;3557;3654;3656;3626;3574;3575;3434;83512
FB;F;2021;28;5;16.07.2021;NO2;3296;3257;3222;3145;3097;2996;3172;3364;3559;3633;3734;3732;3739;3697;3673;3565;3542;3639;3592;3557;3521;3506;3525;3469;83232
FB;F;2021;28;6;17.07.2021;NO2;3399;3340;3182;3138;3079;3022;3150;3334;3408;3534;3549;3542;3578;3471;3489;3693;3779;3752;3710;3514;3473;3587;3403;3343;82469
FB;F;2021;28;7;18.07.2021;NO2;3256;3174;3117;3107;3047;3074;3135;3214;3451;3301;3313;3352;3470;3507;3532;3574;3636;3587;3510;3511;3412;3501;3413;3396;80590
FB;F;2021;29;1;19.07.2021;NO2;3313;3263;3237;3201;3118;3192;3366;3479;3616;3668;3707;3756;3782;3650;3718;3661;3632;3650;3582;3530;3584;3589;3508;3381;84183
FB;F;2021;29;2;20.07.2021;NO2;3394;3263;3324;3303;3302;3341;3455;3580;3578;3752;3863;3684;3532;3572;3648;3705;3672;3631;3564;3548;3539;3524;3421;3525;84720
FB;F;2021;29;3;21.07.2021;NO2;3431;3271;3249;3215;3236;3287;3414;3436;3578;3727;3794;3772;3728;3671;3709;3682;3701;3727;3843;3652;3662;3674;3672;3596;85727
FB;F;2021;29;4;22.07.2021;NO2;3537;3411;3353;3314;3274;3216;3434;3514;3676;3777;3825;3753;3727;3689;3687;3669;3666;3692;3694;3703;3684;3632;3583;3486;85996
FB;F;2021;29;5;23.07.2021;NO2;3348;3321;3291;3145;3141;3194;3305;3461;3557;3625;3699;3676;3638;3619;3652;3624;3598;3645;3629;3631;3572;3531;3507;3436;83845
FB;F;2021;29;6;24.07.2021;NO2;3299;3233;3225;3197;3176;3124;3176;3261;3363;3435;3479;3482;3523;3510;3489;3444;3415;3445;3456;3450;3468;3432;3465;3409;80956
FB;F;2021;29;7;25.07.2021;NO2;3297;3148;3062;2991;3041;2982;3003;3090;3199;3310;3269;3210;3283;3212;3174;3224;3355;3456;3521;3410;3360;3415;3478;3419;77909
FB;F;2021;30;1;26.07.2021;NO2;3276;3194;3045;3055;3048;3053;3168;3316;3521;3721;3717;3592;3597;3581;3739;3650;3580;3541;3555;3598;3450;3520;3618;3453;82588
FB;F;2021;30;2;27.07.2021;NO2;3305;3258;3252;3184;3114;3099;3171;3288;3447;3620;3986;3806;3667;3682;3883;3801;3810;3769;3788;3783;3768;3633;3552;3318;84984
FB;F;2021;30;3;28.07.2021;NO2;3235;3217;3208;3201;3185;3189;3302;3420;3559;3788;3741;3722;3636;3648;3556;3513;3439;3544;3721;3716;3552;3486;3482;3291;83351
FB;F;2021;30;4;29.07.2021;NO2;3098;3036;3167;3188;3143;3139;3307;3404;3487;3519;3629;3654;3616;3636;3646;3603;3562;3522;3543;3524;3521;3475;3398;3249;82066
FB;F;2021;30;5;30.07.2021;NO2;3153;3078;3022;3004;2935;2971;3133;3235;3492;3610;3704;3731;3768;3814;3717;3605;3506;3613;3659;3654;3566;3525;3540;3467;82502
FB;F;2021;30;6;31.07.2021;NO2;3299;3192;3149;3123;3091;3024;3102;3218;3399;3555;3637;3651;3565;3635;3656;3621;3617;3560;3514;3517;3491;3493;3491;3405;82005
FB;F;2021;30;7;01.08.2021;NO2;3214;3269;3232;3264;3241;3190;3209;3209;3276;3459;3458;3456;3505;3503;3521;3588;3549;3585;3699;3768;3734;3732;3726;3689;83076
FB;F;2021;31;1;02.08.2021;NO2;3577;3442;3337;3248;3267;3387;3443;3608;3730;3723;3737;3826;3817;3784;3703;3655;3559;3543;3592;3569;3611;3634;3672;3553;86017
FB;F;2021;31;2;03.08.2021;NO2;3354;3319;3306;3243;3278;3270;3474;3662;3687;3761;3783;3722;3836;3741;3717;3657;3659;3662;3650;3669;3690;3692;3683;3540;86055
FB;F;2021;31;3;04.08.2021;NO2;3445;3335;3273;3243;3287;3197;3347;3586;3742;3779;3788;3795;3725;3699;3840;3668;3588;3633;3618;3677;3660;3710;3711;3544;85890
FB;F;2021;31;4;05.08.2021;NO2;3446;3376;3322;3341;3349;3353;3457;3633;3762;3792;3753;3768;3758;3760;3723;3709;3700;3752;3722;3644;3701;3757;3650;3500;86728
FB;F;2021;31;5;06.08.2021;NO2;3295;3194;3203;3219;3362;3287;3270;3558;3664;3731;3735;3718;3669;3624;3613;3640;3603;3620;3630;3643;3536;3508;3508;3299;84129
FB;F;2021;31;6;07.08.2021;NO2;3163;3122;3104;3133;3122;3117;3171;3239;3422;3541;3531;3587;3700;3604;3499;3520;3641;3936;3729;3742;3708;3613;3579;3381;82904
FB;F;2021;31;7;08.08.2021;NO2;3242;3193;3167;3196;3079;3126;3140;3243;3337;3425;3417;3378;3381;3480;3507;3486;3517;3490;3356;3428;3539;3595;3454;3291;80467
FB;F;2021;32;1;09.08.2021;NO2;3285;3235;3229;3233;3289;3298;3547;3765;3863;3763;3829;3870;3888;3837;3773;3740;3750;3776;3674;3692;3841;3833;3622;3433;87065
FB;F;2021;32;2;10.08.2021;NO2;3347;3294;3260;3412;3553;3307;3460;3644;3766;4110;3858;3831;3839;3953;3886;3818;3823;3812;3768;3723;3715;3697;3720;3596;88192
FB;F;2021;32;3;11.08.2021;NO2;3438;3370;3335;3314;3351;3344;3511;3744;3870;3915;3824;3807;3789;3804;3783;3790;3790;3804;3884;3796;3764;3767;3714;3534;88042
FB;F;2021;32;4;12.08.2021;NO2;3402;3294;3233;3231;3242;3261;3458;3666;3788;3811;3695;3757;3869;3834;3808;3819;3789;3772;3729;3797;3776;3705;3652;3596;86984
FB;F;2021;32;5;13.08.2021;NO2;3428;3363;3261;3210;3281;3308;3370;3573;3795;3883;3896;3855;3810;3836;3822;3770;3708;3847;3795;3710;3695;3685;3569;3393;86863
FB;F;2021;32;6;14.08.2021;NO2;3302;3212;3104;2913;2886;3134;3357;3498;3493;3625;3530;3356;3518;3479;3478;3583;3637;3504;3558;3686;3639;3553;3464;3422;81931
FB;F;2021;32;7;15.08.2021;NO2;3432;3362;3226;3190;3157;3173;3159;3286;3440;3480;3520;3570;3739;3671;3535;3483;3586;3598;3646;3727;3671;3772;3689;3529;83641
FB;F;2021;33;1;16.08.2021;NO2;3396;3307;3297;3325;3390;3470;3634;3910;4031;3990;3925;3857;3850;3798;3742;3793;3832;3758;3682;3809;3894;3889;3707;3489;88775
FB;F;2021;33;2;17.08.2021;NO2;3444;3405;3389;3371;3391;3391;3594;3776;3861;3952;3781;3940;3922;3909;3930;3832;3796;3783;3924;3958;4034;3864;3725;3695;89667
FB;F;2021;33;3;18.08.2021;NO2;3595;3497;3671;3429;3390;3408;3521;3880;4077;4122;4126;4205;4283;4014;3939;4008;4111;4042;3978;3846;3876;3973;3829;3613;92433
FB;F;2021;33;4;19.08.2021;NO2;3477;3404;3434;3470;3440;3425;3667;3950;4068;3933;3749;3811;3866;3773;3787;3819;3848;3870;3778;3825;3849;3904;3822;3685;89654
FB;F;2021;33;5;20.08.2021;NO2;3548;3453;3484;3427;3525;3664;3699;3996;4084;4072;3985;4000;3987;3959;3974;3813;3751;3809;3833;3888;3863;3869;3801;3667;91151
FB;F;2021;33;6;21.08.2021;NO2;3575;3430;3419;3368;3439;3506;3498;3485;3540;3703;3789;3757;3712;3601;3525;3553;3593;3641;3679;3691;3644;3655;3658;3587;86048
FB;F;2021;33;7;22.08.2021;NO2;3472;3331;3287;3264;3277;3343;3345;3378;3462;3584;3641;3645;3528;3534;3516;3378;3589;3569;3642;3715;3723;3787;3756;3582;84348
FB;F;2021;34;1;23.08.2021;NO2;3458;3365;3374;3338;3368;3434;3737;4018;4045;4037;4008;3981;3926;3988;3935;3943;3878;3826;3837;3885;3940;3958;3867;3662;90808
FB;F;2021;34;2;24.08.2021;NO2;3425;3446;3384;3415;3462;3535;3585;3916;4014;3998;4035;4120;3937;3839;3896;3938;3996;3951;3884;3919;3952;3947;3861;3689;91144
FB;F;2021;34;3;25.08.2021;NO2;3459;3379;3317;3240;3264;3381;3565;3807;3892;3972;3877;3793;3772;3733;3805;3852;3958;4018;4032;3897;3778;3705;3622;3443;88561
FB;F;2021;34;4;26.08.2021;NO2;3351;3376;3396;3441;3412;3389;3584;3816;3801;3833;3668;3786;3777;3776;3786;3784;3810;3842;3850;3817;3839;3888;3638;3452;88112
FB;F;2021;34;5;27.08.2021;NO2;3289;3217;3330;3408;3434;3495;3646;3835;3876;3704;3753;3768;3820;3765;3739;3719;3787;3832;3832;3796;3741;3750;3652;3513;87701
FB;F;2021;34;6;28.08.2021;NO2;3391;3336;3289;3276;3304;3298;3290;3373;3503;3626;3711;3693;3643;3626;3556;3512;3548;3613;3597;3625;3593;3593;3576;3467;84039
FB;F;2021;34;7;29.08.2021;NO2;3334;3286;3325;3280;3272;3289;3283;3330;3445;3536;3561;3563;3499;3482;3487;3471;3558;3593;3585;3622;3686;3736;3668;3505;83396
FB;F;2021;35;1;30.08.2021;NO2;3399;3281;3292;3249;3257;3496;3547;3918;3932;3994;4020;3977;3924;4046;3903;3854;3885;3842;3829;3825;3934;3970;3797;3600;89771
FB;F;2021;35;2;31.08.2021;NO2;3516;3519;3497;3447;3404;3416;3660;3940;4046;3971;3979;3967;3924;3897;3852;3862;3870;3970;3847;3833;3923;4036;3959;3762;91097
FB;F;2021;35;3;01.09.2021;NO2;3469;3398;3361;3369;3257;3287;3673;3918;3972;3966;3990;3937;3975;3863;3873;3940;3955;3885;3800;3971;4084;3976;3788;3534;90241
FB;F;2021;35;4;02.09.2021;NO2;3320;3367;3296;3258;3328;3388;3785;4036;3966;3886;3872;3953;4033;3962;3931;3959;4020;3957;3863;3941;4019;4087;3933;3748;90908
FB;F;2021;35;5;03.09.2021;NO2;3570;3452;3411;3333;3341;3426;3637;3926;4061;3973;3919;3874;3953;3887;3798;3728;3814;3829;3989;3930;3948;3911;3868;3743;90321
FB;F;2021;35;6;04.09.2021;NO2;3638;3455;3357;3268;3258;3290;3357;3403;3559;3695;3743;3648;3758;3736;3672;3651;3698;3741;3776;3721;3694;3720;3662;3549;86049
FB;F;2021;35;7;05.09.2021;NO2;3457;3332;3253;3274;3154;3166;3164;3314;3470;3486;3671;3704;3727;3672;3635;3595;3589;3606;3700;3704;3759;3736;3687;3593;84448
FB;F;2021;36;1;06.09.2021;NO2;3442;3409;3367;3344;3359;3472;3696;3990;4046;4021;3994;4021;3986;3990;3989;4030;3959;3959;3899;3924;4067;3933;3734;3528;91159
FB;F;2021;36;2;07.09.2021;NO2;3435;3237;3156;3148;3358;3480;3743;3960;4019;4001;3968;3949;3912;3923;3942;3984;3978;3971;3891;3901;3982;3903;3732;3571;90144
FB;F;2021;36;3;08.09.2021;NO2;3415;3347;3342;3284;3281;3447;3574;3872;3931;3952;3944;3920;3867;3863;3840;3894;3867;3868;3811;3891;3931;3858;3715;3534;89248
FB;F;2021;36;4;09.09.2021;NO2;3377;3298;3274;3263;3294;3418;3618;3859;3962;3905;3916;3912;3880;3887;3913;3916;3912;3905;3852;3861;3920;3881;3728;3564;89315
FB;F;2021;36;5;10.09.2021;NO2;3448;3408;3367;3322;3349;3431;3567;3806;3861;3918;3954;3912;3863;3880;3872;3809;3909;3890;3751;3770;3698;3712;3592;3560;88649
FB;F;2021;36;6;11.09.2021;NO2;3407;3256;3176;3192;3225;3233;3261;3286;3393;3549;3652;3664;3665;3473;3606;3628;3687;3674;3640;3647;3617;3521;3464;3352;83268
FB;F;2021;36;7;12.09.2021;NO2;3289;3238;3202;3145;3148;3129;3175;3165;3339;3476;3512;3585;3558;3425;3373;3748;3665;3728;3554;3574;3812;3792;3628;3461;82721
FB;F;2021;37;1;13.09.2021;NO2;3329;3317;3403;3345;3357;3487;3685;3908;3993;3953;3951;3967;3914;3909;3865;3789;3787;3807;3813;3856;3972;3895;3797;3631;89730
FB;F;2021;37;2;14.09.2021;NO2;3493;3426;3428;3437;3472;3548;3784;4013;4095;4051;3999;3949;3891;3846;3884;3898;3912;3837;3852;3888;3971;3917;3801;3598;90990
FB;F;2021;37;3;15.09.2021;NO2;3446;3305;3239;3260;3371;3532;3750;3961;4086;3997;3967;3959;4075;3998;3904;3909;3944;3945;3935;3956;3890;3963;4048;3814;91254
FB;F;2021;37;4;16.09.2021;NO2;3702;3572;3465;3330;3316;3371;3632;4026;4034;4082;4151;4132;4171;4107;3977;3882;3916;3924;4092;4087;4183;4028;3908;3702;92790
FB;F;2021;37;5;17.09.2021;NO2;3475;3377;3305;3336;3425;3492;3756;4065;4141;4100;4057;3990;4051;3989;4030;3980;3936;3867;3958;4004;3955;3907;3801;3729;91726
FB;F;2021;37;6;18.09.2021;NO2;3629;3534;3492;3390;3415;3488;3587;3544;3677;3854;3949;3926;3856;3797;3745;3760;3857;3894;3852;3893;3887;3747;3626;3611;89010
FB;F;2021;37;7;19.09.2021;NO2;3521;3376;3339;3286;3348;3420;3483;3553;3681;3710;3738;3739;3827;3762;3740;3856;3817;3780;3913;4055;3841;3645;3618;3476;87524
FB;F;2021;38;1;20.09.2021;NO2;3571;3629;3610;3595;3644;3732;3971;4205;4198;4270;4263;4279;4206;4297;4349;4312;4262;4245;4146;4178;4179;4153;3995;3767;97056
FB;F;2021;38;2;21.09.2021;NO2;3584;3512;3563;3514;3479;3595;3848;3903;4209;4285;4190;4171;4270;4254;4165;4098;4145;4090;4117;4252;4280;4118;3865;3552;95059
FB;F;2021;38;3;22.09.2021;NO2;3498;3578;3521;3608;3532;3592;3869;4071;4419;4379;4157;4191;4249;4178;4040;3925;4002;4038;3972;3931;3830;3773;3629;3600;93582
FB;F;2021;38;4;23.09.2021;NO2;3535;3198;3253;3361;3552;3746;3679;3646;4014;4097;4014;3996;3881;3953;3873;3857;3996;3937;3892;3947;3994;3949;3834;3737;90941
FB;F;2021;38;5;24.09.2021;NO2;3734;3754;3623;3642;3628;3683;3937;4184;4240;4280;4215;4134;4171;4140;4119;3996;4065;4020;4046;4066;3971;3914;3805;3708;95075
FB;F;2021;38;6;25.09.2021;NO2;3682;3630;3495;3491;3523;3401;3550;3652;3802;3866;3974;3857;3819;3762;3673;3609;3747;3836;3857;3942;3910;3826;3783;3693;89380
FB;F;2021;38;7;26.09.2021;NO2;3557;3553;3480;3400;3420;3449;3496;3477;3561;3630;3611;3773;3863;3737;3727;3730;3820;3858;3825;3848;3842;3725;3672;3526;87580
FB;F;2021;39;1;27.09.2021;NO2;3469;3418;3372;3332;3369;3538;3759;4058;4190;4110;4097;4127;4109;4096;4039;4052;4025;3981;3964;3976;3922;3858;3744;3684;92289
FB;F;2021;39;2;28.09.2021;NO2;3350;3183;3337;3326;3234;3303;3801;4101;4086;4050;3992;4033;3843;3710;3737;3792;3948;3799;3787;3874;4007;3858;3737;3575;89463
FB;F;2021;39;3;29.09.2021;NO2;3488;3375;3323;3335;3342;3432;3703;4000;4037;4044;4044;4023;4027;3967;4008;3910;4016;4014;4076;4154;4066;3896;3676;3498;91454
FB;F;2021;39;4;30.09.2021;NO2;3461;3446;3506;3531;3535;3551;3821;4124;4176;4084;4030;4024;4026;4103;4063;4151;4115;4119;4170;4196;4111;3876;3906;3661;93786
FB;F;2021;39;5;01.10.2021;NO2;3523;3464;3470;3513;3652;3893;4181;4255;4220;4209;4028;3933;3970;3935;3990;4020;4233;4102;3959;3871;3798;3805;3753;3562;93339
FB;F;2021;39;6;02.10.2021;NO2;3513;3393;3353;3554;3500;3569;3542;3685;3712;3819;4016;3903;3637;3600;3615;3645;3748;3788;3896;3876;3680;3730;3649;3601;88024
FB;F;2021;39;7;03.10.2021;NO2;3557;3526;3514;3493;3546;3514;3507;3612;3643;3754;3691;3703;3796;3768;3627;3567;3628;3765;3817;3856;3810;3694;3611;3526;87525
FB;F;2021;40;1;04.10.2021;NO2;3396;3321;3273;3298;3317;3472;3659;3701;3911;4024;4000;3956;3816;3837;3918;4133;4181;3949;3980;3881;3762;3805;3905;3667;90162
FB;F;2021;40;2;05.10.2021;NO2;3586;3592;3412;3266;3219;3442;3800;3975;4010;4043;3953;4037;3960;3917;3984;4025;4048;4053;4069;3909;3854;3843;3780;3662;91439
FB;F;2021;40;3;06.10.2021;NO2;3517;3487;3609;3588;3540;3627;3905;4209;4272;4267;4260;4157;4172;4114;4207;4119;4090;4094;4147;4247;4129;4068;3968;3822;95615
FB;F;2021;40;4;07.10.2021;NO2;3498;3637;3628;3602;3564;3739;3936;4075;4187;4167;4111;4121;4142;4124;4183;4154;4159;4131;4144;4172;4154;4045;3938;3718;95329
FB;F;2021;40;5;08.10.2021;NO2;3637;3515;3427;3380;3402;3510;3794;4390;4141;4184;4131;4118;4070;4115;4074;4065;4024;4030;4098;4093;3993;3840;3665;3603;93299
FB;F;2021;40;6;09.10.2021;NO2;3448;3376;3334;3346;3365;3405;3395;3422;3518;3702;3705;3716;3710;3632;3540;3550;3636;3748;3869;3908;3793;3717;3621;3434;85890
FB;F;2021;40;7;10.10.2021;NO2;3485;3307;3266;3388;3436;3371;3348;3380;3490;3596;3823;3898;3709;3618;3633;3600;3711;3947;4134;3887;3834;3954;3854;3555;87224
FB;F;2021;41;1;11.10.2021;NO2;3403;3451;3520;3606;3522;3625;3882;4138;4258;4259;4157;4230;4160;4113;4116;4087;4172;4366;4504;4380;4313;4205;4054;3959;96480
FB;F;2021;41;2;12.10.2021;NO2;3898;3737;3621;3714;3918;3962;4276;4546;4657;4523;4577;4525;4565;4475;4325;4076;4003;4070;4304;4476;4280;4171;4036;3950;100685
FB;F;2021;41;3;13.10.2021;NO2;3830;3983;3942;3836;3911;4045;4323;4656;4701;4712;4703;4564;4559;4503;4400;4441;4625;4662;4700;4588;4200;4096;4008;3889;103877
FB;F;2021;41;4;14.10.2021;NO2;3702;3705;3643;3628;3599;3725;4088;4350;4389;4367;4352;4443;4361;4399;4322;4306;4351;4215;4014;4198;4337;4243;3987;3811;98535
FB;F;2021;41;5;15.10.2021;NO2;3729;3776;3813;3777;3796;3869;4057;4398;4501;4517;4452;4290;4331;4239;4252;4283;4182;4236;4338;4291;4202;4051;3970;3841;99191
FB;F;2021;41;6;16.10.2021;NO2;3812;3770;3754;3776;3774;3769;3874;3969;3995;4137;4251;4240;4191;4115;4128;3993;3990;4259;4303;4223;4224;4150;4066;3989;96752
FB;F;2021;41;7;17.10.2021;NO2;3944;3858;3785;3733;3793;3773;3916;4049;4135;4219;4248;4206;4189;4106;4031;3999;4036;4112;4280;4391;4369;4344;4242;4111;97869
FB;F;2021;42;1;18.10.2021;NO2;4021;3993;3961;3986;3975;4159;4511;4894;4825;4719;4656;4615;4600;4686;4760;4575;4540;4626;4653;4699;4530;4416;4248;4096;106744
FB;F;2021;42;2;19.10.2021;NO2;3984;3914;3864;3925;3938;4139;4353;4681;4707;4580;4583;4638;4512;4600;4616;4613;4556;4468;4466;4450;4337;4260;4129;3966;104279
FB;F;2021;42;3;20.10.2021;NO2;3849;3936;3808;3569;3697;4108;4240;4410;4426;4419;4399;4204;4152;4193;4124;4097;4301;4192;4164;4223;4131;4032;3926;3822;98422
FB;F;2021;42;4;21.10.2021;NO2;3753;3666;3770;3826;3741;3831;4169;4694;4481;4429;4421;4563;4512;4420;4292;4275;4380;4518;4574;4583;4568;4476;4336;4242;102520
FB;F;2021;42;5;22.10.2021;NO2;4142;4034;3994;4023;4029;4098;4654;4989;4972;4818;4744;4631;4646;4676;4492;4559;4674;4633;4672;4647;4550;4485;4315;4352;107829
FB;F;2021;42;6;23.10.2021;NO2;4220;4136;4050;4130;4116;4084;4095;4212;4420;4454;4398;4475;4329;4298;4203;4190;4287;4382;4489;4448;4301;4114;4051;3944;101826
FB;F;2021;42;7;24.10.2021;NO2;3876;3763;3816;3940;3732;3595;3780;3867;4057;4020;4049;4163;4094;4097;4179;4190;4206;4247;4269;4225;4161;4016;3922;3849;96113
FB;F;2021;43;1;25.10.2021;NO2;3716;3680;3655;3771;3822;3816;4139;4425;4357;4336;4423;4483;4372;4259;4263;4313;4238;4204;4287;4401;4152;3957;3884;3922;98875
FB;F;2021;43;2;26.10.2021;NO2;3876;3644;3588;3500;3652;3874;4153;4538;4673;4556;4512;4435;4401;4345;4181;4161;4391;4439;4418;4264;4267;4339;4204;4145;100556
FB;F;2021;43;3;27.10.2021;NO2;3996;3670;3564;3591;3665;3798;4126;4258;4512;4456;4381;4399;4233;4133;4122;4113;4108;4233;4356;4405;4169;4103;4120;3936;98447
FB;F;2021;43;4;28.10.2021;NO2;3656;3488;3609;3717;3603;3564;3879;4285;4358;4235;4280;4242;4218;4198;4283;4256;4326;4355;4340;4280;4201;4121;4073;3948;97515
FB;F;2021;43;5;29.10.2021;NO2;3828;3749;3767;3769;3685;3732;3987;4280;4408;4312;4295;4312;4265;4286;4279;4268;4250;4225;4193;4145;4054;4022;3905;3825;97841
FB;F;2021;43;6;30.10.2021;NO2;3705;3675;3596;3678;3575;3498;3794;3951;4060;4053;4031;4116;4011;3970;4013;3995;3930;4055;4210;3961;4037;3951;3887;3777;93529
FB;F;2021;43;7;31.10.2021;NO2;3653;3602;3571;3500;3404;3515;3633;3790;3825;3923;3955;3916;3858;3912;4037;4017;3957;4036;3838;4099;4044;4017;3976;3841;95709
FB;F;2021;44;1;01.11.2021;NO2;3781;3948;4072;3864;3655;3680;4005;4379;4386;4299;4264;4236;4350;4361;4448;4458;4495;4462;4450;4326;4311;4168;4064;3895;100357
FB;F;2021;44;2;02.11.2021;NO2;3702;3594;3556;3607;3761;3986;4284;4442;4463;4550;4532;4518;4402;4429;4339;4389;4473;4556;4571;4423;4335;4324;4260;4075;101571
FB;F;2021;44;3;03.11.2021;NO2;3977;3922;3876;3893;3937;4062;4347;4670;4706;4684;4671;4509;4532;4595;4606;4595;4682;4753;4704;4669;4609;4569;4446;4288;106302
FB;F;2021;44;4;04.11.2021;NO2;4204;4143;4099;4117;4163;4263;4588;5011;5020;4947;4861;4768;4676;4621;4609;4651;4747;4806;4699;4406;4554;4475;4444;4226;109098
FB;F;2021;44;5;05.11.2021;NO2;4125;4160;4062;4040;3931;4083;4583;4975;5019;4557;4281;4410;4632;4711;4592;4565;4703;4898;4814;4576;4456;4374;4240;4177;106964
FB;F;2021;44;6;06.11.2021;NO2;3956;3824;3768;3887;4040;4009;3948;3957;4114;4353;4417;4364;4273;4180;4331;4399;4453;4412;4483;4381;4276;4227;4057;3982;100091
FB;F;2021;44;7;07.11.2021;NO2;4007;4042;3945;3949;3966;3829;4017;4148;4179;4338;4396;4408;4383;4331;4348;4405;4470;4528;4520;4455;4615;4453;4195;4188;102115
FB;F;2021;45;1;08.11.2021;NO2;4183;4193;4229;4225;4409;4510;4952;5141;5245;5034;5052;5011;4896;4846;4881;4932;4886;4828;4823;4666;4632;4583;4434;4300;112891
FB;F;2021;45;2;09.11.2021;NO2;4216;4122;4046;4039;4074;4142;4537;5038;4884;4643;4550;4568;4704;4701;4672;4669;4696;4605;4450;4329;4445;4465;4242;4053;106890
FB;F;2021;45;3;10.11.2021;NO2;4119;3904;3951;4042;4006;3838;4183;4585;4591;4410;4447;4362;4422;4518;4391;4444;4627;4742;4725;4637;4663;4507;4355;4223;104692
FB;F;2021;45;4;11.11.2021;NO2;4214;4142;4077;4078;4148;4278;4456;4639;4761;4812;4882;4703;4482;4530;4522;4625;4750;4646;4638;4674;4675;4643;4561;4432;108368
FB;F;2021;45;5;12.11.2021;NO2;4283;4191;4146;4127;4130;4317;4568;4978;5066;4836;4854;4816;4794;4788;4801;4793;4859;4823;4769;4718;4603;4369;4320;4202;110151
FB;F;2021;45;6;13.11.2021;NO2;4120;4085;4009;3872;3914;3972;4010;4103;4263;4430;4578;4555;4634;4546;4500;4558;4680;4676;4600;4487;4414;4351;4299;4150;103806
FB;F;2021;45;7;14.11.2021;NO2;4076;4102;4092;4028;3944;3978;4140;4240;4354;4560;4523;4162;4207;4379;4370;4438;4541;4641;4617;4632;4531;4351;4362;4421;103689
FB;F;2021;46;1;15.11.2021;NO2;4317;4213;4151;4095;4120;4293;4596;4801;4863;4890;5005;4995;4907;4877;4913;4916;4980;4957;4884;4775;4739;4561;4559;4369;111776
FB;F;2021;46;2;16.11.2021;NO2;4223;4147;4115;4031;4028;4115;4329;4638;4778;4546;4633;4794;4778;4659;4734;4721;4733;4775;4674;4627;4580;4497;4363;4217;107735
FB;F;2021;46;3;17.11.2021;NO2;4099;3929;3913;3869;3924;4093;4261;4657;4746;4670;4694;4674;4626;4585;4653;4669;4905;4866;4924;4852;4594;4637;4479;4401;107720
FB;F;2021;46;4;18.11.2021;NO2;4261;4267;4184;4194;4178;4231;4558;5009;5007;4847;4905;4697;4676;4797;4803;4886;4844;4796;4747;4714;4661;4655;4725;4297;110939
FB;F;2021;46;5;19.11.2021;NO2;3908;3982;4060;4021;4067;4119;4449;4686;4838;4738;4707;4672;4668;4707;4670;4526;4610;4711;4663;4554;4510;4480;4405;4257;107008
FB;F;2021;46;6;20.11.2021;NO2;4194;4053;4083;4103;4073;4102;4179;4231;4338;4416;4533;4550;4518;4530;4558;4552;4641;4543;4368;4141;4137;4336;4234;4001;103414
FB;F;2021;46;7;21.11.2021;NO2;4010;3969;4069;4024;3993;4201;4240;4368;4409;4454;4586;4619;4501;4440;4432;4641;4816;4828;4778;4672;4721;4709;4606;4507;106593
FB;F;2021;47;1;22.11.2021;NO2;4513;4452;4435;4520;4596;4701;4995;5242;5311;5283;5272;5154;4842;4774;4950;5188;5296;5178;4961;4897;4794;4718;4553;4504;117129
FB;F;2021;47;2;23.11.2021;NO2;4274;4122;4072;4137;4143;4191;4673;5034;5043;4953;4873;4797;4786;4703;4772;4833;4970;4958;4710;4732;4694;4689;4627;4415;111201
FB;F;2021;47;3;24.11.2021;NO2;4247;4153;4025;4011;4062;4178;4655;4897;5001;4951;4878;4746;4815;4655;4627;4673;4769;4763;4737;4673;4532;4637;4520;4308;109513
FB;F;2021;47;4;25.11.2021;NO2;4401;4117;4051;4175;4396;4602;4812;4962;4969;4934;5028;4864;4967;5016;5070;5139;5327;5264;5216;5239;5166;5083;4962;4818;116578
FB;F;2021;47;5;26.11.2021;NO2;4681;4611;4601;4547;4587;4746;5092;5353;5321;5338;5313;5235;5238;5238;5286;5357;5413;5347;5190;5159;5097;4984;4891;4800;121425
FB;F;2021;47;6;27.11.2021;NO2;4770;4607;4562;4561;4597;4602;4746;4816;4972;5147;5256;5272;5285;5234;5166;5169;5211;5276;5320;5240;5197;5102;5007;4869;119984
FB;F;2021;47;7;28.11.2021;NO2;4863;4794;4773;4755;4759;4755;4758;4815;4933;5077;5178;5197;5237;5333;5236;5199;5253;5298;5315;5265;5249;5161;5139;5124;121466
FB;F;2021;48;1;29.11.2021;NO2;5084;5019;4931;4911;4931;5077;5399;5799;5954;5873;5866;5833;5805;5705;5673;5681;5705;5611;5587;5573;5425;5412;5345;5230;131429
FB;F;2021;48;2;30.11.2021;NO2;4739;4545;4490;4864;5128;4890;5145;5527;5604;5585;5671;5538;5509;5496;5599;5751;5802;5595;5545;5575;5535;5428;5273;5026;127860
FB;F;2021;48;3;01.12.2021;NO2;4923;4841;4836;4870;4879;5032;5339;5730;5897;5915;5914;5772;5672;5608;5724;5854;5960;5862;5760;5665;5589;5523;5400;5219;131784
FB;F;2021;48;4;02.12.2021;NO2;4999;4877;4905;5039;4979;5055;5540;5860;5850;5822;5781;5793;5846;5820;5754;5765;5891;5949;5705;5613;5542;5527;5395;5249;132556
FB;F;2021;48;5;03.12.2021;NO2;5144;5132;5082;5072;5098;5249;5539;5921;6008;5904;5876;5782;5747;5704;5790;5891;5828;5788;5711;5616;5557;5429;5330;5226;133424
FB;F;2021;48;6;04.12.2021;NO2;5094;4970;4971;4950;4907;4940;5079;5153;5471;5434;5478;5536;5528;5503;5460;5442;5514;5573;5484;5435;5379;5152;5113;5031;126597
FB;F;2021;48;7;05.12.2021;NO2;4929;4889;4895;4859;4872;4888;5038;5060;5241;5243;5318;5361;5343;5456;5565;5596;5682;5804;5700;5592;5435;5367;5276;5194;126603
FB;F;2021;49;1;06.12.2021;NO2;5144;5110;5121;5104;5114;5325;5641;6022;6177;6154;6153;6139;6138;6129;6093;6116;6157;6043;5974;5875;5775;5699;5532;5427;138162
FB;F;2021;49;2;07.12.2021;NO2;5338;5260;5213;5216;5217;5293;5563;5854;5934;5933;5862;5897;5835;5791;5868;5922;5942;5829;5720;5621;5630;5664;5286;5028;134716
FB;F;2021;49;3;08.12.2021;NO2;5195;5043;4967;4983;4994;5105;5437;5834;5853;5814;5751;5707;5804;5810;5825;5780;5759;5635;5584;5546;5499;5357;5225;5097;131604
FB;F;2021;49;4;09.12.2021;NO2;4938;4828;4733;4842;4912;4960;5230;5491;5566;5539;5514;5555;5556;5583;5612;5655;5644;5507;5410;5412;5440;5377;5276;5079;127659
FB;F;2021;49;5;10.12.2021;NO2;4914;4810;4775;4768;4753;4850;5163;5429;5477;5451;5478;5501;5421;5490;5531;5563;5608;5529;5410;5337;5174;5169;5082;5106;125789
FB;F;2021;49;6;11.12.2021;NO2;5021;4929;4866;4860;4841;4852;4935;5016;5121;5178;5270;5312;5260;5158;5257;5308;5312;5312;5354;5239;5110;4882;4780;4721;121894
FB;F;2021;49;7;12.12.2021;NO2;4585;4524;4470;4518;4569;4578;4533;4522;4655;4940;4941;4969;4966;5066;5118;5195;5195;5178;5073;4993;4872;4788;4768;4750;115766
FB;F;2021;50;1;13.12.2021;NO2;4651;4491;4521;4438;4375;4631;4885;5288;5409;5245;5456;5281;5244;5146;5139;5238;5301;5248;5107;5071;4975;4954;4830;4595;119519
FB;F;2021;50;2;14.12.2021;NO2;4427;4366;4417;4379;4358;4403;4867;5222;5281;5269;5215;5208;5074;5081;5134;5052;5062;5113;5127;5021;4812;4740;4607;4530;116765
FB;F;2021;50;3;15.12.2021;NO2;4509;4424;4350;4339;4190;4313;4555;4913;5124;5149;4930;4794;4794;4831;4915;4805;4865;4992;4817;4650;4723;4668;4568;4477;112695
FB;F;2021;50;4;16.12.2021;NO2;4326;4290;4171;4218;4249;4361;4594;4933;5036;4961;4957;4913;4919;4939;4869;4887;5000;5030;5060;5134;5128;4988;4823;4674;114460
FB;F;2021;50;5;17.12.2021;NO2;4553;4418;4366;4261;4164;4170;4458;4923;5084;5125;5059;5129;5159;5131;5162;5017;5043;5065;5083;5017;4905;4744;4604;4524;115164
FB;F;2021;50;6;18.12.2021;NO2;4440;4288;4330;4272;4212;4262;4298;4392;4551;4659;4759;4796;4699;4738;4685;4696;4774;4764;4811;4720;4565;4525;4479;4418;109133
FB;F;2021;50;7;19.12.2021;NO2;4318;4230;4203;4218;4244;4282;4327;4372;4566;4738;4801;4735;4746;4699;4660;4734;4963;5032;5102;5094;5083;4998;4853;4754;111752
FB;F;2021;51;1;20.12.2021;NO2;4612;4548;4499;4517;4566;4737;5082;5296;5425;5477;5511;5469;5360;5283;5346;5427;5498;5345;5393;5358;5374;5316;5223;5113;123775
FB;F;2021;51;2;21.12.2021;NO2;4948;4916;4871;4870;4875;4933;5207;5515;5655;5538;5530;5551;5526;5482;5476;5511;5517;5453;5379;5331;5318;5256;5155;5036;126849
FB;F;2021;51;3;22.12.2021;NO2;4940;4884;4837;4809;4819;4903;5135;5377;5527;5565;5526;5518;5505;5441;5420;5412;5423;5374;5361;5287;5286;5204;5086;5050;125689
FB;F;2021;51;4;23.12.2021;NO2;4938;4857;4894;4879;4810;4846;5049;5286;5376;5438;5414;5376;5413;5386;5392;5423;5446;5387;5376;5314;5187;5108;4965;4909;124469
FB;F;2021;51;5;24.12.2021;NO2;4976;4961;4795;4717;4640;4824;4854;5075;5284;5538;5488;5476;5430;5421;5464;5585;5725;5415;5307;5160;4989;4935;4956;4969;123984
FB;F;2021;51;6;25.12.2021;NO2;4932;4993;4996;4928;4872;4905;4945;4926;4956;5148;5397;5362;5256;5292;5305;5262;5341;5341;5321;5171;5289;5270;5118;5057;123383
FB;F;2021;51;7;26.12.2021;NO2;5006;4973;4939;4911;4989;4996;5066;5206;5241;5421;5360;5374;5277;5300;5321;5380;5489;5492;5427;5463;5494;5499;5388;5190;126202
FB;F;2021;52;1;27.12.2021;NO2;5137;5062;4996;4928;5044;5071;5322;5493;5765;5793;5818;5798;5799;5793;5753;5850;5743;5752;5533;5447;5451;5325;5301;5192;131166
FB;F;2021;52;2;28.12.2021;NO2;5086;4993;4935;4939;4916;4969;5173;5380;5488;5557;5606;5624;5781;5706;5639;5652;5688;5565;5452;5359;5338;5157;5021;4878;127902
FB;F;2021;52;3;29.12.2021;NO2;4820;4753;4729;4722;4753;4805;5219;5401;5389;5497;5534;5462;5264;5301;5469;5630;5650;5573;5555;5436;5387;5355;5220;5135;126059
FB;F;2021;52;4;30.12.2021;NO2;5033;5073;5085;4737;4526;4425;4617;4873;5208;5198;5151;4947;5061;5111;4888;4895;4977;4776;4841;4892;4858;4780;4736;4583;117271
FB;F;2021;52;5;31.12.2021;NO2;4469;4381;4275;4233;4243;4368;4430;4495;4547;4662;4774;4879;4828;4836;4867;4887;4952;5016;4906;4760;4608;4483;4486;4365;110750
FB;F;2021;52;6;01.01.2022;NO2;4357;4440;4480;4424;4386;4375;4390;4408;4468;4526;4507;4637;4723;4748;4930;4965;5022;4997;4954;4915;4817;4605;4502;4414;110990
FB;F;2021;52;7;02.01.2022;NO2;4179;4070;4148;4134;4045;4111;4084;4184;4270;4364;4456;4496;4567;4621;4650;4666;4740;4770;4653;4381;4283;4417;4445;4235;104969
